{"is_source_file": true, "format": "Python", "description": "Main FastAPI application setup for a notes management backend. Configures middleware, includes route modules, and defines a health check endpoint.", "external_files": ["src.api.db", "src.api.notes_routes"], "external_methods": ["db.ensure_schema"], "published": ["app"], "classes": [], "methods": [{"name": "None _startup()", "description": "Initializes the database schema on application startup.", "scope": "", "scopeKind": ""}, {"name": "health_check()", "description": "Health check endpoint to verify the API service is running.", "scope": "", "scopeKind": ""}], "calls": ["db.ensure_schema", "app.add_middleware", "app.include_router"], "search-terms": ["FastAPI", "notes_api_backend", "main.py", "health check endpoint", "CORS middleware", "notes_routes"], "state": 2, "file_id": 3, "knowledge_revision": 14, "git_revision": "1ea854741098633cfd899e2274611664f07b343b", "revision_history": [{"8": "f11ec8172979ab7add3b465693f49f4fc6d3fada"}, {"14": "1ea854741098633cfd899e2274611664f07b343b"}], "ctags": [{"_type": "tag", "name": "_startup", "path": "/home/kavia/workspace/code-generation/simple-notes-manager-197529-197539/notes_api_backend/src/api/main.py", "pattern": "/^def _startup() -> None:$/", "language": "Python", "typeref": "typename:None", "kind": "function", "signature": "()"}, {"_type": "tag", "name": "app", "path": "/home/kavia/workspace/code-generation/simple-notes-manager-197529-197539/notes_api_backend/src/api/main.py", "pattern": "/^app = FastAPI($/", "language": "Python", "kind": "variable"}, {"_type": "tag", "name": "health_check", "path": "/home/kavia/workspace/code-generation/simple-notes-manager-197529-197539/notes_api_backend/src/api/main.py", "pattern": "/^def health_check():$/", "language": "Python", "kind": "function", "signature": "()"}, {"_type": "tag", "name": "notes_router", "path": "/home/kavia/workspace/code-generation/simple-notes-manager-197529-197539/notes_api_backend/src/api/main.py", "pattern": "/^from src.api.notes_routes import router as notes_router$/", "language": "Python", "kind": "unknown", "nameref": "unknown:router"}, {"_type": "tag", "name": "openapi_tags", "path": "/home/kavia/workspace/code-generation/simple-notes-manager-197529-197539/notes_api_backend/src/api/main.py", "pattern": "/^openapi_tags = [$/", "language": "Python", "kind": "variable"}], "hash": "83aead5e34f2f2f5c749ca5bf4d764c7", "format-version": 4, "code-base-name": "notes_api_backend", "filename": "notes_api_backend/src/api/main.py", "fields": [{"name": "app = FastAPI(", "scope": "", "scopeKind": "", "description": "unavailable"}, {"name": "openapi_tags = [", "scope": "", "scopeKind": "", "description": "unavailable"}]}