{"is_source_file": true, "format": "Python", "description": "This Python source file provides utility functions for interacting with an SQLite database used in a Notes API. It includes functions to read database connection info, manage connections, ensure schema exists, and perform basic SQL operations such as select and modify.", "external_files": ["os", "sqlite3", "contextlib", "datetime", "pathlib"], "external_methods": ["Path.resolve()", "Path.exists()", "Path.read_text()", "datetime.now()", "datetime.replace()", "sqlite3.connect()", "sqlite3.Row", "sqlite3.Row_factory", "sqlite3.Cursor.execute()", "sqlite3.Cursor.fetchall()", "sqlite3.Cursor.fetchone()", "sqlite3.Cursor.lastrowid", "sqlite3.Cursor.rowcount"], "published": ["get_db_path", "ensure_schema", "execute_select", "execute_select_one", "execute_modify", "utc_now_iso"], "classes": [], "methods": [{"name": "str get_db_path()", "description": "Reads the database connection text file to parse out the SQLite database file path, ensuring the directory exists.", "scope": "", "scopeKind": ""}, {"name": "Iterator[sqlite3.Connection] _connect()", "description": "Provides a context-managed SQLite connection with foreign keys enabled.", "scope": "", "scopeKind": ""}, {"name": "None ensure_schema()", "description": "Creates the 'notes' table if it does not already exist in the database.", "scope": "", "scopeKind": ""}, {"name": "list[sqlite3.Row] execute_select(sql: str, params: tuple = ())", "description": "Executes a SELECT SQL query with parameters and returns all fetched rows.", "scope": "", "scopeKind": ""}, {"name": "sqlite3.Row|None execute_select_one(sql: str, params: tuple = ())", "description": "Executes a SELECT SQL query with parameters and returns a single row or None.", "scope": "", "scopeKind": ""}, {"name": "int execute_modify(sql: str, params: tuple = ())", "description": "Executes an INSERT, UPDATE, or DELETE SQL statement with parameters and returns the last inserted row ID or row count.", "scope": "", "scopeKind": ""}, {"name": "str utc_now_iso()", "description": "Returns the current UTC timestamp in ISO 8601 format with 'Z' suffix.", "scope": "", "scopeKind": ""}, {"name": "str _parse_db_path_from_db_connection_txt(txt: str)", "scope": "", "scopeKind": "", "description": "unavailable"}, {"name": "str _utc_now_iso()", "scope": "", "scopeKind": "", "description": "unavailable"}], "calls": ["get_db_path", "_connect", "conn.execute", "conn.cursor", "cur.execute", "cur.fetchall", "cur.fetchone", "Path.exists", "Path.read_text"], "search-terms": ["db_connection.txt", "notes table", "SQLite connection", "schema creation", "Notes API database"], "state": 2, "file_id": 5, "knowledge_revision": 13, "git_revision": "1ea854741098633cfd899e2274611664f07b343b", "ctags": [{"_type": "tag", "name": "_DB_CONNECTION_TXT_PATH", "path": "/home/kavia/workspace/code-generation/simple-notes-manager-197529-197539/notes_api_backend/src/api/db.py", "pattern": "/^_DB_CONNECTION_TXT_PATH = ($/", "language": "Python", "kind": "variable"}, {"_type": "tag", "name": "_connect", "path": "/home/kavia/workspace/code-generation/simple-notes-manager-197529-197539/notes_api_backend/src/api/db.py", "pattern": "/^def _connect() -> Iterator[sqlite3.Connection]:$/", "language": "Python", "typeref": "typename:Iterator[sqlite3.Connection]", "kind": "function", "signature": "()"}, {"_type": "tag", "name": "_parse_db_path_from_db_connection_txt", "path": "/home/kavia/workspace/code-generation/simple-notes-manager-197529-197539/notes_api_backend/src/api/db.py", "pattern": "/^def _parse_db_path_from_db_connection_txt(txt: str) -> str:$/", "language": "Python", "typeref": "typename:str", "kind": "function", "signature": "(txt: str)"}, {"_type": "tag", "name": "_utc_now_iso", "path": "/home/kavia/workspace/code-generation/simple-notes-manager-197529-197539/notes_api_backend/src/api/db.py", "pattern": "/^def _utc_now_iso() -> str:$/", "language": "Python", "typeref": "typename:str", "kind": "function", "signature": "()"}, {"_type": "tag", "name": "ensure_schema", "path": "/home/kavia/workspace/code-generation/simple-notes-manager-197529-197539/notes_api_backend/src/api/db.py", "pattern": "/^def ensure_schema() -> None:$/", "language": "Python", "typeref": "typename:None", "kind": "function", "signature": "()"}, {"_type": "tag", "name": "execute_modify", "path": "/home/kavia/workspace/code-generation/simple-notes-manager-197529-197539/notes_api_backend/src/api/db.py", "pattern": "/^def execute_modify(sql: str, params: tuple = ()) -> int:$/", "language": "Python", "typeref": "typename:int", "kind": "function", "signature": "(sql: str, params: tuple = ())"}, {"_type": "tag", "name": "execute_select", "path": "/home/kavia/workspace/code-generation/simple-notes-manager-197529-197539/notes_api_backend/src/api/db.py", "pattern": "/^def execute_select(sql: str, params: tuple = ()) -> list[sqlite3.Row]:$/", "language": "Python", "typeref": "typename:list[sqlite3.Row]", "kind": "function", "signature": "(sql: str, params: tuple = ())"}, {"_type": "tag", "name": "execute_select_one", "path": "/home/kavia/workspace/code-generation/simple-notes-manager-197529-197539/notes_api_backend/src/api/db.py", "pattern": "/^def execute_select_one(sql: str, params: tuple = ()) -> sqlite3.Row | None:$/", "language": "Python", "typeref": "typename:sqlite3.Row|None", "kind": "function", "signature": "(sql: str, params: tuple = ())"}, {"_type": "tag", "name": "get_db_path", "path": "/home/kavia/workspace/code-generation/simple-notes-manager-197529-197539/notes_api_backend/src/api/db.py", "pattern": "/^def get_db_path() -> str:$/", "language": "Python", "typeref": "typename:str", "kind": "function", "signature": "()"}, {"_type": "tag", "name": "utc_now_iso", "path": "/home/kavia/workspace/code-generation/simple-notes-manager-197529-197539/notes_api_backend/src/api/db.py", "pattern": "/^def utc_now_iso() -> str:$/", "language": "Python", "typeref": "typename:str", "kind": "function", "signature": "()"}], "hash": "72d482cadce64d818808cc57b8717a35", "format-version": 4, "code-base-name": "notes_api_backend", "filename": "notes_api_backend/src/api/db.py", "fields": [{"name": "_DB_CONNECTION_TXT_PATH = (", "scope": "", "scopeKind": "", "description": "unavailable"}], "revision_history": [{"13": "1ea854741098633cfd899e2274611664f07b343b"}]}