{"is_source_file": true, "format": "Python", "description": "Defines Pydantic models for the Notes API, including models for creating, updating, and outputting notes.", "external_files": ["pydantic"], "external_methods": [], "published": ["NoteCreate", "NoteUpdate", "NoteOut"], "classes": [{"name": "NoteCreate", "description": "Payload for creating a new note."}, {"name": "NoteUpdate", "description": "Payload for updating an existing note. All fields are optional."}, {"name": "NoteOut", "description": "API representation of a note."}], "methods": [{"name": "NoteCreate", "description": "Pydantic model for creating a note with title and content."}, {"name": "NoteUpdate", "description": "Pydantic model for updating a note, with optional title and content."}, {"name": "NoteOut", "description": "Pydantic model representing a note's API output, including id, title, content, created_at, and updated_at."}], "calls": [], "search-terms": ["Pydantic models", "NoteCreate", "NoteUpdate", "NoteOut", "models.py", "Notes API"], "state": 2, "file_id": 6, "knowledge_revision": 15, "git_revision": "1ea854741098633cfd899e2274611664f07b343b", "ctags": [{"_type": "tag", "name": "NoteCreate", "path": "/home/kavia/workspace/code-generation/simple-notes-manager-197529-197539/notes_api_backend/src/api/models.py", "pattern": "/^class NoteCreate(BaseModel):$/", "language": "Python", "kind": "class"}, {"_type": "tag", "name": "NoteOut", "path": "/home/kavia/workspace/code-generation/simple-notes-manager-197529-197539/notes_api_backend/src/api/models.py", "pattern": "/^class NoteOut(BaseModel):$/", "language": "Python", "kind": "class"}, {"_type": "tag", "name": "NoteUpdate", "path": "/home/kavia/workspace/code-generation/simple-notes-manager-197529-197539/notes_api_backend/src/api/models.py", "pattern": "/^class NoteUpdate(BaseModel):$/", "language": "Python", "kind": "class"}, {"_type": "tag", "name": "content", "path": "/home/kavia/workspace/code-generation/simple-notes-manager-197529-197539/notes_api_backend/src/api/models.py", "pattern": "/^    content: str = Field(..., description=\"Note content\")$/", "language": "Python", "typeref": "typename:str", "kind": "variable", "scope": "NoteOut", "scopeKind": "class"}, {"_type": "tag", "name": "content", "path": "/home/kavia/workspace/code-generation/simple-notes-manager-197529-197539/notes_api_backend/src/api/models.py", "pattern": "/^    content: str = Field(..., min_length=1, description=\"Note content\")$/", "language": "Python", "typeref": "typename:str", "kind": "variable", "scope": "NoteCreate", "scopeKind": "class"}, {"_type": "tag", "name": "created_at", "path": "/home/kavia/workspace/code-generation/simple-notes-manager-197529-197539/notes_api_backend/src/api/models.py", "pattern": "/^    created_at: str = Field(..., description=\"ISO-8601 UTC timestamp when created\")$/", "language": "Python", "typeref": "typename:str", "kind": "variable", "scope": "NoteOut", "scopeKind": "class"}, {"_type": "tag", "name": "id", "path": "/home/kavia/workspace/code-generation/simple-notes-manager-197529-197539/notes_api_backend/src/api/models.py", "pattern": "/^    id: int = Field(..., description=\"Note ID\")$/", "language": "Python", "typeref": "typename:int", "kind": "variable", "scope": "NoteOut", "scopeKind": "class"}, {"_type": "tag", "name": "title", "path": "/home/kavia/workspace/code-generation/simple-notes-manager-197529-197539/notes_api_backend/src/api/models.py", "pattern": "/^    title: str = Field(..., description=\"Note title\")$/", "language": "Python", "typeref": "typename:str", "kind": "variable", "scope": "NoteOut", "scopeKind": "class"}, {"_type": "tag", "name": "title", "path": "/home/kavia/workspace/code-generation/simple-notes-manager-197529-197539/notes_api_backend/src/api/models.py", "pattern": "/^    title: str = Field(..., min_length=1, max_length=200, description=\"Note title\")$/", "language": "Python", "typeref": "typename:str", "kind": "variable", "scope": "NoteCreate", "scopeKind": "class"}, {"_type": "tag", "name": "updated_at", "path": "/home/kavia/workspace/code-generation/simple-notes-manager-197529-197539/notes_api_backend/src/api/models.py", "pattern": "/^    updated_at: str = Field(..., description=\"ISO-8601 UTC timestamp when last updated\")$/", "language": "Python", "typeref": "typename:str", "kind": "variable", "scope": "NoteOut", "scopeKind": "class"}], "hash": "488c82de3976dd009a13fa585f20b866", "format-version": 4, "code-base-name": "notes_api_backend", "filename": "notes_api_backend/src/api/models.py", "fields": [{"name": "str content", "scope": "NoteOut", "scopeKind": "class", "description": "unavailable"}, {"name": "str created_at", "scope": "NoteOut", "scopeKind": "class", "description": "unavailable"}, {"name": "int id", "scope": "NoteOut", "scopeKind": "class", "description": "unavailable"}, {"name": "str title", "scope": "NoteOut", "scopeKind": "class", "description": "unavailable"}, {"name": "str updated_at", "scope": "NoteOut", "scopeKind": "class", "description": "unavailable"}], "revision_history": [{"15": "1ea854741098633cfd899e2274611664f07b343b"}]}