{"is_source_file": true, "format": "Python", "description": "This is a source code file defining API routes for a notes management system using FastAPI. It provides CRUD endpoints under /api/notes, interfacing with a database via a db abstraction. The file includes route handlers, internal utility functions, and references external models and database functions.", "external_files": ["src.api.db", "src.api.models"], "external_methods": ["db.execute_select", "db.execute_select_one", "db.execute_modify", "db.utc_now_iso", "status.HTTP_404_NOT_FOUND", "status.HTTP_201_CREATED", "status.HTTP_500_INTERNAL_SERVER_ERROR", "status.HTTP_204_NO_CONTENT"], "published": ["list_notes", "get_note", "create_note", "update_note", "delete_note"], "classes": [], "methods": [{"name": "NoteOut _row_to_note_out(row)", "description": "Converts a database row into a NoteOut model instance.", "scope": "", "scopeKind": ""}, {"name": "list[NoteOut] list_notes()", "description": "Handles GET requests to list all notes, returning them ordered by most recent update.", "scope": "", "scopeKind": ""}, {"name": "NoteOut get_note(note_id: int)", "description": "Handles GET request to retrieve a specific note by its ID.", "scope": "", "scopeKind": ""}, {"name": "NoteOut create_note(payload: NoteCreate)", "description": "Handles POST request to create a new note with provided data.", "scope": "", "scopeKind": ""}, {"name": "NoteOut update_note(note_id: int, payload: NoteUpdate)", "description": "Handles PUT request to update an existing note's fields.", "scope": "", "scopeKind": ""}, {"name": "Response delete_note(note_id: int)", "description": "Handles DELETE request to remove a note by ID.", "scope": "", "scopeKind": ""}], "calls": ["db.execute_select", "db.execute_select_one", "db.execute_modify", "db.utc_now_iso", "Response"], "search-terms": ["/api/notes", "Notes CRUD routes", "NoteOut", "NoteCreate", "NoteUpdate", "list_notes", "get_note", "create_note", "update_note", "delete_note"], "state": 2, "file_id": 7, "knowledge_revision": 16, "git_revision": "1ea854741098633cfd899e2274611664f07b343b", "ctags": [{"_type": "tag", "name": "_row_to_note_out", "path": "/home/kavia/workspace/code-generation/simple-notes-manager-197529-197539/notes_api_backend/src/api/notes_routes.py", "pattern": "/^def _row_to_note_out(row) -> NoteOut:$/", "language": "Python", "typeref": "typename:NoteOut", "kind": "function", "signature": "(row)"}, {"_type": "tag", "name": "create_note", "path": "/home/kavia/workspace/code-generation/simple-notes-manager-197529-197539/notes_api_backend/src/api/notes_routes.py", "pattern": "/^def create_note(payload: NoteCreate) -> NoteOut:$/", "language": "Python", "typeref": "typename:NoteOut", "kind": "function", "signature": "(payload: NoteCreate)"}, {"_type": "tag", "name": "delete_note", "path": "/home/kavia/workspace/code-generation/simple-notes-manager-197529-197539/notes_api_backend/src/api/notes_routes.py", "pattern": "/^def delete_note(note_id: int) -> Response:$/", "language": "Python", "typeref": "typename:Response", "kind": "function", "signature": "(note_id: int)"}, {"_type": "tag", "name": "get_note", "path": "/home/kavia/workspace/code-generation/simple-notes-manager-197529-197539/notes_api_backend/src/api/notes_routes.py", "pattern": "/^def get_note(note_id: int) -> NoteOut:$/", "language": "Python", "typeref": "typename:NoteOut", "kind": "function", "signature": "(note_id: int)"}, {"_type": "tag", "name": "list_notes", "path": "/home/kavia/workspace/code-generation/simple-notes-manager-197529-197539/notes_api_backend/src/api/notes_routes.py", "pattern": "/^def list_notes() -> list[NoteOut]:$/", "language": "Python", "typeref": "typename:list[NoteOut]", "kind": "function", "signature": "()"}, {"_type": "tag", "name": "router", "path": "/home/kavia/workspace/code-generation/simple-notes-manager-197529-197539/notes_api_backend/src/api/notes_routes.py", "pattern": "/^router = APIRouter(prefix=\"\\/api\\/notes\", tags=[\"notes\"])$/", "language": "Python", "kind": "variable"}, {"_type": "tag", "name": "update_note", "path": "/home/kavia/workspace/code-generation/simple-notes-manager-197529-197539/notes_api_backend/src/api/notes_routes.py", "pattern": "/^def update_note(note_id: int, payload: NoteUpdate) -> NoteOut:$/", "language": "Python", "typeref": "typename:NoteOut", "kind": "function", "signature": "(note_id: int, payload: NoteUpdate)"}], "hash": "7b925bf8b275d0fde9093b36dcc4b687", "format-version": 4, "code-base-name": "notes_api_backend", "filename": "notes_api_backend/src/api/notes_routes.py", "fields": [{"name": "router = APIRouter(prefix=\"\\/api\\/notes\", tags=[\"notes\"])", "scope": "", "scopeKind": "", "description": "unavailable"}], "revision_history": [{"16": "1ea854741098633cfd899e2274611664f07b343b"}]}